instructor_ID,instructor_name
0,Alchri
1,Candid
2,Karl A
3,Kyusun
4,Marnie
5,Philip
6,Richar
7,Saeed
8,THI MA
9,TUONG
10,丁  亮
11,丁  蕊
12,丁俞文
13,丁健芳
14,丁宗蘇
15,丁建均
16,丁照棣
17,丁肇隆
18,丁育頡
19,丁詩同
20,丘政民
21,中井太郎
22,丹  倪
23,于天立
24,于昌平
25,于昌民
26,于明暉
27,亞歷山卓
28,任昊佳
29,任秀慧
30,伊藤剛
31,伍振勳
32,佐藤信夫
33,佐藤將之
34,何中平
35,何亞倫
36,何佳安
37,何傳愷
38,何嘉浚
39,何國川
40,何奕倫
41,何孟樵
42,何宣瑩
43,何思慎
44,何承遠
45,何昊哲
46,何明修
47,何泰寬
48,何澤恒
49,何熙誠
50,何率慈
51,何珮綺
52,何筱文
53,何聖賓
54,何肇基
55,何蘊芳
56,何銘洋
57,佘瑞琳
58,佘筠珺
59,余佳慧
60,余兆武
61,余化龍
62,余品奐
63,余家斌 
64,余峻瑜
65,余建霖
66,余忠仁
67,余慈顏
68,余明俊
69,余松培
70,余柏毅
71,余榮德
72,余榮熾
73,余正道
74,余能豪
75,余雪明
76,侯嘉洪
77,侯惠澤
78,侯文祥
79,侯書逸
80,侯欣翰
81,侯潔之
82,侯維恕
83,侯詠德
84,俞松良
85,俞燕妮
86,傅  揚
87,傅友祥
88,傅從喜
89,傅文芳
90,傅斯緯
91,傅楸善
92,傅皓政
93,傅立成
94,傅美蓁
95,傅裕惠
96,傅還然
97,傅鶴齡
98,冀宏源
99,凌嘉鴻
100,凱羅榮
101,凱達西
102,初雅士
103,劉  文
104,劉  鋼
105,劉?睿
106,劉乃潔
107,劉亮雅
108,劉以立
109,劉仲恩
110,劉伊涵
111,劉佩玲
112,劉佳玲
113,劉俊麟
114,劉力仁
115,劉力瑜
116,劉千義
117,劉啟德
118,劉啟民
119,劉啟群
120,劉啟霖
121,劉嘉雯
122,劉奇璋
123,劉好迪
124,劉如熹
125,劉姿妤
126,劉威辰
127,劉子毓
128,劉孝聖
129,劉宏文
130,劉宗德
131,劉定萍
132,劉宴齊
133,劉少雄
134,劉巧楣
135,劉康慧
136,劉建志
137,劉建豪
138,劉德馨
139,劉心才
140,劉志文
141,劉念琪
142,劉怡靖
143,劉憶如
144,劉懷勝
145,劉振良
146,劉文清
147,劉旻禕
148,劉智弘
149,劉有恒
150,劉柏正
151,劉格非
152,劉正忠
153,劉殿楨
154,劉沅華
155,劉泰儀
156,劉浩澧
157,劉淑瓊
158,劉深淵
159,劉添華
160,劉漢威
161,劉瑋文
162,劉瑞文
163,劉秉慧
164,劉秋婉
165,劉立偉
166,劉緒宗
167,劉致為
168,劉華真
169,劉藍一
170,劉貞佑
171,劉貴生
172,劉逸軒
173,劉邦鋒
174,劉金鳴
175,劉錦添
176,劉鐵軍
177,劉長遠
178,劉雅瑄
179,劉雅詩
180,劉雅雯
181,劉震鐘
182,劉靜怡
183,劉順仁
184,包傑奇
185,包曼丹尼爾
186,區耀軍
187,卓清芬
188,卓輝華
189,南智祐
190,卜詩安
191,卡艾瑋
192,印永翔
193,卿建業
194,古允文
195,古慧雯
196,史嘉琳
197,史德凡
198,史有伶
199,史甄陶
200,司黛蕊
201,吳?賢
202,吳乃慧
203,吳乃立
204,吳亘承
205,吳亞克
206,吳佳儀
207,吳俊傑
208,吳俊輝
209,吳俊達
210,吳俞萱
211,吳信志
212,吳健銘
213,吳儀玲
214,吳光鐘
215,吳克強
216,吳克振
217,吳勤文
218,吳台偉
219,吳哲夫
220,吳嘉文
221,吳嘉苓
222,吳國彰
223,吳學良
224,吳安宇
225,吳宗樹
226,吳宗祐
227,吳宗翰
228,吳宗霖
229,吳家麟
230,吳富春
231,吳展良
232,吳岳隆
233,吳崇旗
234,吳師誠
235,吳建志
236,吳建昌
237,吳從周
238,吳志正
239,吳志毅
240,吳忠幟
241,吳思節
242,吳恆良
243,吳恩賜
244,吳慧菁
245,吳政衛
246,吳政鴻
247,吳敏嘉
248,吳文中
249,吳文方
250,吳文超
251,吳日騰
252,吳旻旻
253,吳昆?
254,吳晏慈
255,吳曉昀
256,吳木榮
257,吳東諭
258,吳柏鋒
259,吳榮梅
260,吳榮章
261,吳沃剛
262,吳沛遠
263,吳泓熹
264,吳淑鈴
265,吳清輝
266,吳潔盈
267,吳澤玫
268,吳焜裕
269,吳牧錞
270,吳玉威
271,吳玉山
272,吳玲玲
273,吳珮瑛
274,吳琮璠
275,吳瑞北
276,吳瑞瑜
277,吳益群
278,吳章甫
279,吳筱梅
280,吳紀聖
281,吳維紋
282,吳肇欣
283,吳育任
284,吳育騏
285,吳茵茵
286,吳蕙芬
287,吳造中
288,吳逸民
289,吳采陵
290,吳青錫
291,吳高逸
292,呂  立
293,呂佳蓉
294,呂依儒
295,呂俊宏
296,呂俊毅
297,呂學一
298,呂宗昕
299,呂宛蓁
300,呂廷璋
301,呂心純
302,呂志豪
303,呂明璋
304,呂昕煒
305,呂東武
306,呂柏伸
307,呂桐睿
308,呂榮祥
309,呂欣怡
310,呂欽文
311,呂璯敏
312,呂紹理
313,呂育道
314,呂良正
315,呂良鴻
316,呂青湖
317,周中哲
318,周佳靚
319,周俊廷
320,周信宏
321,周元昉
322,周先捷
323,周南山
324,周呈霙
325,周善瑜
326,周嘉辰
327,周均珈
328,周婉窈
329,周崇熙
330,周建亨
331,周建宏
332,周建富
333,周必泰
334,周承復
335,周昱翔
336,周桂田
337,周楚洋
338,周治邦
339,周泰立
340,周涵怡
341,周漾沂
342,周玉山
343,周珮雯
344,周瑞仁
345,周祖述
346,周素卿
347,周綠蘋
348,周繼中
349,周苡嘉
350,周迺寬
351,周逸儒
352,周銘翊
353,周錫增
354,周雅惠
355,周雍強
356,哈吉利
357,唐嘉君
358,唐格理
359,唐欣偉
360,唐牧群
361,唐玄輝
362,唐豪駿
363,唐迎華
364,單偉彌
365,單秋成
366,堯里昂
367,夏俊雄
368,奇邁可
369,奧山利規
370,姚坤君
371,姚宗珍
372,姚瑞中
373,姚皓傑
374,姜堯民
375,姜昌明
376,姜昱至
377,姜智恩
378,姜皇池
379,姜義村
380,姜義泰
381,姜至剛
382,孔令傑
383,孔思文
384,孔繁璐
385,孟克禮
386,孟子青
387,季昭華
388,孫  煒
389,孫凡軻
390,孫啟光
391,孫愛維
392,孫憶明
393,孫效智
394,孫春望
395,孫沛立
396,孫烜駿
397,孫珍理
398,孫秀卿
399,孫紹華
400,孫維新
401,孫迺翊
402,孫錦虹
403,孫雅麗
404,守時愛里
405,安井伸介
406,安卡森
407,安形高志
408,安德斯
409,安志偉
410,宋孔彬
411,宋家復
412,宋家驥
413,宋方瑜
414,宋曉明
415,宋玉生
416,宋聖榮
417,宋麗梅
418,宋麗英
419,官彥州
420,官晨怡
421,尤琳蕙
422,尤釋賢
423,尹子玉
424,岳修平
425,崔世勳
426,崔茂培
427,巫基福
428,巫芳璟
429,巫雪如
430,席行正
431,常怡雍
432,常玉強
433,康  豹
434,康敦彥
435,康旻杰
436,康正男
437,康韻梅
438,廖世偉
439,廖中明
440,廖先順
441,廖勇超
442,廖咸浩
443,廖咸興
444,廖國偉
445,廖國基
446,廖執善
447,廖天威
448,廖婉君
449,廖孟琳
450,廖尉斯
451,廖小娟
452,廖弘民
453,廖彥棻
454,廖愛禾
455,廖慶隆
456,廖憶純
457,廖振男
458,廖振鐸
459,廖文正
460,廖本聖
461,廖永豐
462,廖泰慶
463,廖淑貞
464,廖珮如
465,廖珮真
466,廖秀娟
467,廖義男
468,廖肇亨
469,廖芝嫻
470,廖英志
471,張  晨
472,張  瀚
473,張  玨
474,張  立
475,張世宗
476,張仁和
477,張以承
478,張以杰
479,張伯茹
480,張佑丞
481,張佑宗
482,張佑成
483,張佳榮
484,張俊偉
485,張俊哲
486,張俊彥
487,張俐璇
488,張倉榮
489,張傑帆
490,張元鳳
491,張兆恬
492,張凌倩
493,張勝凱
494,張博鈞
495,張厚麒
496,張君松
497,張哲政
498,張嘉倩
499,張嘉升
500,張嘉銓
501,張嘉鳳
502,張國暉
503,張國鎮
504,張培仁
505,張子璿
506,張學孔
507,張宇衛
508,張宏浩
509,張家勳
510,張家宜
511,張家銘
512,張寶棣
513,張崇毅
514,張康聰
515,張廷碩
516,張建成
517,張弘潔
518,張心瑜
519,張念慈
520,張恆華
521,張惠娟
522,張惠婷
523,張惠雯
524,張慶國
525,張慶瑞
526,張文薰
527,張文貞
528,張斐章
529,張斯翔
530,張日新
531,張明中
532,張明輝
533,張時中
534,張晉誠
535,張晏禎
536,張晏誠
537,張景宏
538,張智星
539,張智涵
540,張智芬
541,張曉華
542,張書森
543,張書瑋
544,張書蓉
545,張柏超
546,張森林
547,張榮珍
548,張欽全
549,張正衡
550,張毅民
551,張永祺
552,張淑媛
553,張淑惠
554,張淑英
555,張瀛太
556,張玉玲
557,張玉芳
558,張琳巧
559,張瑞峰
560,張瑞益
561,張瑞青
562,張登及
563,張皓媛
564,張皓巽
565,張睿詒
566,張秀如
567,張秉純
568,張竹芩
569,張素凰
570,張素卿
571,張維敦
572,張繼堯
573,張翠玉
574,張耀乾
575,張耀庭
576,張耀文
577,張聖琳
578,張育森
579,張芳嘉
580,張茂山
581,張蓓蓓
582,張裕龍
583,張譯尹
584,張譯文
585,張豐丞 
586,張貴閔
587,張郁蔚
588,張鈞棣
589,張鈞竹
590,張銘峰
591,張雅珮
592,張雯媛
593,張靜文
594,張鳳真
595,張麗冠
596,張麗麗
597,張齡尹
598,彭之皓
599,彭俊文
600,彭君能
601,彭志宏
602,彭文本
603,彭昭英
604,彭溫雅
605,彭立沛
606,彭美玲
607,彭英麗
608,彭誼芝
609,彭錦鵬
610,彭隆瀚
611,彼得范德博
612,徐丞志
613,徐乃義
614,徐冠倫
615,徐善慧
616,徐嘉煜
617,徐堉峰
618,徐婉寧
619,徐學庸
620,徐宏民
621,徐富昌
622,徐小波
623,徐尚德
624,徐幸瑜
625,徐志成
626,徐振哲
627,徐振峰
628,徐斯勤
629,徐永豐
630,徐源泰
631,徐澔德
632,徐濟泰
633,徐燕興
634,徐瑋勵
635,徐瑞廷
636,徐碧霞
637,徐立中
638,徐聖心
639,徐興慶
640,徐莞曾
641,徐讚昇
642,徐進鈺
643,徐顯國
644,徐駿森
645,忻凌偉
646,慕思勉
647,成佳憲
648,戚務正
649,戚樹誠
650,戴子安
651,戴尚年
652,戴志勳
653,戴璽恆
654,托瑪索
655,托馬斯
656,拉貝明契
657,敖馨郁
658,方  介
659,方  煒
660,方仁恩
661,方偉宏
662,方啟泰
663,方德琳
664,方進隆
665,方震華
666,方韻慈
667,方頡睿
668,施上粟
669,施世駿 
670,施乃中
671,施博仁
672,施吉昇
673,施如芳
674,施惟量
675,施永德
676,施皇旭
677,施純宜
678,施路易
679,施靜菲
680,施養信
681,明居正
682,易力行
683,易富國
684,曲芳華
685,曹峰銘
686,曹恒偉
687,曹承礎
688,曹景惠
689,曹淑娟
690,曹添旺
691,曹美秀
692,曹順成
693,曼紐爾
694,曾于恒
695,曾俊凱
696,曾冠球
697,曾嬿芬
698,曾宇鳳
699,曾宗盛
700,曾宛如
701,曾寶儀
702,曾寶滿
703,曾惠斌
704,曾惠芸
705,曾文志
706,曾文聖
707,曾明宗
708,曾昭雄
709,曾智揚
710,曾書萍
711,曾榮川
712,曾泰琳
713,曾漢塘
714,曾煥凱
715,曾琦智
716,曾琬瑜
717,曾琬鈴
718,曾瓊慧
719,曾盛恕
720,曾祥非
721,曾秀如
722,曾紀綱
723,曾翎威
724,曾肅良
725,曾萬年
726,曾鈞懋
727,曾開治
728,曾雪峰
729,曾麗玲
730,服部美貴
731,朱偉誠
732,朱元南
733,朱國瑞
734,朱士維
735,朱宗信
736,朱家瑩
737,朱忠瀚
738,朱敬一
739,朱文儀
740,朱有田
741,朱玉琦
742,朱玉芳
743,朱秋而
744,朱美妃
745,朱致遠
746,朱錦洲
747,朱雪萍
748,朱靜美
749,朴埻錄
750,朴寶卿
751,朴至鎬
752,李  揚
753,李  欣
754,李  綱
755,李  雨
756,李世光
757,李亞芸
758,李令儀
759,李伯訓
760,李佑金
761,李佳玫
762,李佳穗
763,李佳翰
764,李佳霖
765,李俊億
766,李俊興
767,李俊賢
768,李允中
769,李允立
770,李光斌
771,李克強
772,李典儒
773,李冠穎
774,李勇毅
775,李勝海
776,李君山
777,李君浩
778,李啟龍
779,李嘉林
780,李國譚
781,李坤彥
782,李培芬
783,李士傑
784,李士捷
785,李大椿
786,李天祥
787,李奕霈
788,李娓娓
789,李婉儀
790,李婉甄
791,李孔元
792,李存智
793,李宇修
794,李宏毅
795,李宗徽
796,李宗憲
797,李宗玄
798,李宗穎
799,李宣緯
800,李宥霆
801,李家岩
802,李家瑋
803,李尉彰
804,李岳聯
805,李峻霣
806,李庭諭
807,李建南
808,李建模
809,李建良
810,李弘文
811,李彥寰
812,李心予
813,李志中
814,李志偉
815,李志煌
816,李怡庭
817,李怡青
818,李承叡
819,李承珍
820,李文宗
821,李文鈺
822,李方中
823,李旺祚
824,李昆達
825,李明學
826,李明憲
827,李明穗
828,李明道
829,李時雨
830,李晟瑋
831,李月嘉
832,李枝宏
833,李柏翰
834,李柏霖
835,李根在
836,李根逸
837,李欣倫
838,李欣穎
839,李泰成
840,李洢杰
841,李玉
842,李琳山
843,李瑩英
844,李百祺
845,李相美
846,李秀蓮
847,李秀香
848,李立仁
849,李立聖
850,李立鈞
851,李筱雯
852,李篤中
853,李紀舍
854,李紅春
855,李素華
856,李維晏
857,李繼忠
858,李美儀
859,李美慧
860,李翔傑
861,李育霖
862,李自然
863,李致毅
864,李芳仁
865,李芳蓓
866,李芸湘
867,李苑玲
868,李英周
869,李茂生
870,李萬秋
871,李財坤
872,李貫銘
873,李賢中
874,李賢源
875,李達源
876,李金美
877,李錫鎮
878,李隆獻
879,李雅榮
880,李雅珍
881,李顯峰
882,李馥名
883,李鳳玉
884,李鴻源
885,李鴻瓊
886,李麗薩
887,杜功仁
888,杜宜殷
889,杜裕康
890,林  澤
891,林  風
892,林世明
893,林世銘
894,林中天
895,林中惠
896,林乃君
897,林之謙
898,林于湘
899,林亮音
900,林仁光
901,林以凡
902,林仲彥
903,林伯修
904,林俊全
905,林俊宏
906,林俊彬
907,林俊達
908,林信甫
909,林修葳
910,林倩君
911,林偉傑
912,林偲妘
913,林先和
914,林克忠
915,林冠中
916,林冠吟
917,林則彬
918,林劭品
919,林千翔
920,林卉婷
921,林博文
922,林博雄
923,林原佑
924,林友瑜
925,林君榮
926,林哲宇
927,林啟萬
928,林嘉薇
929,林國峰
930,林圭偵
931,林坤佑
932,林坤霈
933,林士駿
934,林太家
935,林奇秀
936,林如森
937,林妙霞
938,林姿妙
939,林姿婷
940,林婉瑜
941,林嬋娟
942,林子倫
943,林孝倫
944,林孟彥
945,林孟瑢
946,林學庸
947,林學紀
948,林守德
949,林宗宏
950,林宗岳
951,林宗男
952,林宗翰
953,林宗賢
954,林定芊
955,林宜徵
956,林家振
957,林家暉
958,林家齊
959,林寶秀
960,林居正
961,林岳祥
962,林峰輝
963,林峻永
964,林廷宜
965,林建中
966,林建元
967,林建志
968,林建達
969,林彥蓉
970,林志峰
971,林志民
972,林志萱
973,林志達
974,林忠緯
975,林思民
976,林怡成
977,林怡秀
978,林恩仲
979,林恭如
980,林惠玲
981,林惠雯
982,林慧君
983,林慶元
984,林承緯
985,林招松
986,林政宏
987,林政道
988,林敏聰
989,林敬哲
990,林敬軒
991,林文貞
992,林新智
993,林日白
994,林明仁
995,林明昕
996,林明照
997,林明鏘
998,林映均
999,林昱安
1000,林晃巖
1001,林晉玄
1002,林景源
1003,林智仁
1004,林智莉
1005,林曉青
1006,林書妍
1007,林柏安
1008,林柏涵
1009,林梅琪
1010,林楨家
1011,林欣儀
1012,林欣慧
1013,林正芳
1014,林永勝
1015,林永松
1016,林沛群
1017,林法勤
1018,林泰元
1019,林浩雄
1020,林淑怡
1021,林淑慧
1022,林淑文
1023,林淑華
1024,林清富
1025,林清珮
1026,林湘漪
1027,林澤佑
1028,林煜軒
1029,林照真
1030,林牧之
1031,林珊如
1032,林琬琬
1033,林瑋嬪
1034,林璧鳳
1035,林甫容
1036,林盈仲
1037,林祐瑜
1038,林祖誠
1039,林祥泰
1040,林秋燕
1041,林立強
1042,林立德
1043,林立萍
1044,林立虹
1045,林竣達
1046,林經堯
1047,林維怡
1048,林維真
1049,林美峰
1050,林美聆
1051,林美香
1052,林群祐
1053,林翰佑
1054,林耀盛
1055,林耘逸
1056,林耿慧
1057,林聖智
1058,林聰賢
1059,林育君
1060,林能裕
1061,林至闓
1062,林致廷
1063,林芳如
1064,林茂昭
1065,林菀俞
1066,林裕傑
1067,林裕彬
1068,林詩舜
1069,林貝珊
1070,林軒田
1071,林辰栖
1072,林逸彬
1073,林達德
1074,林郁真
1075,林郡儀
1076,林鈺雄
1077,林銘郎
1078,林開世
1079,林陳涌
1080,林雅芬
1081,林雯玲
1082,林青青
1083,林靖愉
1084,林靜宜
1085,林頌然
1086,林香君
1087,林麗雲
1088,柏逸嘉
1089,柯佳吟
1090,柯俊榮
1091,柯冠州
1092,柯凱彣
1093,柯威任
1094,柯孟德
1095,柯彥廷
1096,柯志哲
1097,柯政郁
1098,柯斯安
1099,柯柏如
1100,柯格鐘
1101,柯淳涵
1102,柳玗珍
1103,柴惠敏
1104,梁伯嵩
1105,梁偉立
1106,梁偉賢
1107,梁卓誠
1108,梁博煌
1109,梁啟德
1110,梁嘉音
1111,梁國淦
1112,梁容輝
1113,梁文傑
1114,梁明義
1115,梁朝雲
1116,梁益堉
1117,梁碧惠
1118,梁祥光
1119,梁禹喬
1120,梁蕙雯
1121,梅家玲
1122,楊一帆
1123,楊乃冬
1124,楊之遠
1125,楊云瑢
1126,楊亦東
1127,楊佳玲
1128,楊健志
1129,楊光昇
1130,楊台鴻
1131,楊吉水
1132,楊名龍
1133,楊哲人
1134,楊啟伸
1135,楊啟見
1136,楊國鑫
1137,楊培珊
1138,楊士進
1139,楊奕軒
1140,楊姍樺
1141,楊子霆
1142,楊孝友
1143,楊宏志
1144,楊宗傑
1145,楊家榮
1146,楊家驤
1147,楊岳平
1148,楊志偉
1149,楊志忠
1150,楊志新
1151,楊恒偉
1152,楊恩誠
1153,楊承芳
1154,楊政憲
1155,楊文斌
1156,楊文淵
1157,楊明仁
1158,楊明蒼
1159,楊晉綺
1160,楊曉玲
1161,楊東謀
1162,楊東霖
1163,楊植勝
1164,楊榮森
1165,楊毓琪
1166,楊永慈
1167,楊永源
1168,楊汗如
1169,楊泮池
1170,楊淑怡
1171,楊淑涵
1172,楊烽正
1173,楊燿州
1174,楊珮芸
1175,楊瑋誠
1176,楊申語
1177,楊睿中
1178,楊秋忠
1179,楊穎堅
1180,楊立偉
1181,楊維元
1182,楊舒嵐
1183,楊舜涵
1184,楊芳燕
1185,楊萬發
1186,楊豐安
1187,楊超強
1188,楊金穆
1189,楊鈞澔
1190,楊銘欽
1191,楊錦懷
1192,楊鎧鍵
1193,楊鏡堂
1194,楊雅倩
1195,楊雅儒
1196,楊雅惠
1197,楊雯如
1198,楊馥菱
1199,樂詩涵
1200,樊家忠
1201,樓國隆
1202,橋本康
1203,歐墨然
1204,歐大諒
1205,歐子凌
1206,歐展言
1207,歐德尼
1208,歐海仁
1209,歐立成
1210,歐素瑛
1211,歐陽彥正
1212,歐陽永樂
1213,歐麗娟
1214,武敬和
1215,段維新
1216,毛慧芬
1217,毛慶生
1218,毛明華
1219,毛紹綱
1220,江介宏
1221,江介維
1222,江伯倫
1223,江佩璇
1224,江學瀅
1225,江宏仁
1226,江建文
1227,江怡音
1228,江政杰
1229,江明哲
1230,江明錫
1231,江昭皚
1232,江東亮
1233,江正天
1234,江淳芳
1235,江皓森
1236,江簡富
1237,江茂雄
1238,江莉琦
1239,江蕙如
1240,江逸凡
1241,江運金
1242,江金倉
1243,江鴻生
1244,池田晶子
1245,池祥麟
1246,汪俊彥
1247,汪信君
1248,汪宏倫
1249,汪書華
1250,汪根欉
1251,汪立本
1252,汪芸涵
1253,沈  冬
1254,沈俊嚴
1255,沈偉強
1256,沈冠伶
1257,沈凡玉
1258,沈原民
1259,沈家賢
1260,沈川洲
1261,沈弘俊
1262,沈志中
1263,沈曉茵
1264,沈湯龍
1265,沈瓊桃
1266,沈立言
1267,沈聖峰
1268,沈芳如
1269,沈麗娟
1270,洪 弘
1271,洪一平
1272,洪一薰
1273,洪伊俊
1274,洪伊真
1275,洪伯邑
1276,洪俊教
1277,洪傳揚
1278,洪塘忻
1279,洪士灝
1280,洪嫦闈
1281,洪廣冀
1282,洪德欽
1283,洪志清
1284,洪惠敏
1285,洪挺軒
1286,洪政雄
1287,洪泰雄
1288,洪淑娟
1289,洪淑苓
1290,洪淑蕙
1291,洪瑞燦
1292,洪瑟君
1293,洪秀錦
1294,洪維廷
1295,洪美仁
1296,洪聰敏
1297,洪英正
1298,洪英超
1299,洪茂蔚
1300,洪貞玲
1301,涂閔翔
1302,游佳欣
1303,游啓璋
1304,游孝元
1305,游政谷
1306,游文岳
1307,游晟暐
1308,游景雲
1309,游琇伃
1310,游竣惟
1311,游舒涵
1312,湯佩芳
1313,湯德宗
1314,湯志永
1315,湯明哲
1316,湯梓辰
1317,湯森林
1318,溫信學
1319,溫在弘
1320,溫良碩
1321,溫進德
1322,漢駿緯
1323,潘  雪
1324,潘俊良
1325,潘國隆
1326,潘少瑜
1327,潘建源
1328,潘建興
1329,潘思樺
1330,潘怡伶
1331,潘敏雄
1332,潘斯文
1333,潘正宸
1334,潘正聖
1335,潘璦琬
1336,潘述元
1337,澤大衛
1338,熊  怡
1339,熊宗慧
1340,熊宜君
1341,熊鵬翥
1342,狄君宏
1343,王  倫
1344,王  凡
1345,王  昱
1346,王  暉
1347,王一中
1348,王三平
1349,王之彥
1350,王仕茹
1351,王伯雅
1352,王佩華
1353,王俊傑
1354,王俊能
1355,王俊豪
1356,王偉仲
1357,王儷穎
1358,王儷蒨
1359,王兆麟
1360,王冠婷
1361,王勝仕
1362,王勝德
1363,王名儒
1364,王啟安
1365,王喬萱
1366,王嘉斌
1367,王培育
1368,王士銓
1369,王大銘
1370,王奕翔
1371,王子方
1372,王安邦
1373,王宏文
1374,王宏豪
1375,王宗興
1376,王宗道
1377,王家琪
1378,王富正
1379,王寶祥
1380,王尚禮
1381,王尚麟
1382,王帛霞
1383,王廷明
1384,王建凱
1385,王建強
1386,王建隆
1387,王弘毅
1388,王彥雯
1389,王志宇
1390,王志弘
1391,王思如
1392,王怡美
1393,王慧珍
1394,王憶雲
1395,王振男
1396,王文宇
1397,王明德
1398,王春笙
1399,王昭男
1400,王昱力
1401,王曉君
1402,王望舒
1403,王朝諺
1404,王東美
1405,王柏堯
1406,王根樹
1407,王梅霞
1408,王業立
1409,王榮麟
1410,王櫻芬
1411,王正源
1412,王永松
1413,王泰俐
1414,王泰典
1415,王泰升
1416,王泰昌
1417,王泰銓
1418,王淑慧
1419,王淑珍
1420,王淑美
1421,王淑芬
1422,王湉妮
1423,王為豪
1424,王珊珊
1425,王珮玲
1426,王瑩
1427,王皇玉
1428,王立志
1429,王立昇
1430,王立民
1431,王立義
1432,王維周
1433,王繼娟
1434,王翰聰
1435,王聖耀
1436,王能君
1437,王至弘
1438,王致恬
1439,王興國
1440,王莉思
1441,王衍智
1442,王裕華
1443,王賜聖
1444,王逸平
1445,王道一
1446,王遠義
1447,王金龍
1448,王鈺強
1449,王銀國
1450,王錦堂
1451,王錦雀
1452,王錫杰
1453,王雅筠
1454,王雅青
1455,王靖維
1456,王韋堯
1457,王驥懋
1458,王鴻泰
1459,王鶴森
1460,王麗蘭
1461,甘懷真
1462,田世民
1463,畢南怡
1464,畢恆達
1465,白保羅
1466,白培理
1467,白奇峰
1468,白書禎
1469,白適銘
1470,盛望徽
1471,盧  毅
1472,盧中仁
1473,盧信嘉
1474,盧信昌
1475,盧信銘
1476,盧冠宏
1477,盧南佑
1478,盧奕璋
1479,盧子彬
1480,盧彥文
1481,盧怜君
1482,盧慧紋
1483,盧柔君
1484,盧炯敏
1485,盧秀菊
1486,盧秋玲
1487,盧虎生
1488,盧道杰
1489,瞿大雄
1490,石之瑜
1491,石川隆男
1492,石明豐
1493,石曜合
1494,石書豪
1495,石毛和弘
1496,石百達
1497,石美倫
1498,科  林
1499,秦唯珊
1500,秦曼儀
1501,程劭儀
1502,程吉安
1503,程子翔
1504,程蘊菁
1505,穆信成
1506,章浩宏
1507,章為皓
1508,童世煌
1509,童元昭
1510,童國倫
1511,童心欣
1512,童怡新
1513,童慶斌
1514,童涵浦
1515,竺靜華
1516,管中閔
1517,管偉邦
1518,管希聖
1519,管永恕
1520,簡  潔
1521,簡俊超
1522,簡凱廷
1523,簡國龍
1524,簡培修
1525,簡妤儒
1526,簡怡雯
1527,簡意玲
1528,簡旭伸
1529,簡瑞碧
1530,簡睿哲
1531,簡穎秀
1532,簡韶逸
1533,粘曉菁
1534,紀佩妤
1535,紀舒哲
1536,練乃華
1537,繆希椿
1538,繆文娟
1539,繆維中
1540,羅　立
1541,羅世強
1542,羅仕錡
1543,羅俊雄
1544,羅凱尹
1545,羅南德
1546,羅名珍
1547,羅士傑
1548,羅宇軒
1549,羅弘岳
1550,羅思嘉
1551,羅敏輝
1552,羅清華
1553,羅珮瑜
1554,羅禮強
1555,羅竹平
1556,羅素玫
1557,羅美芳
1558,羅翊禎
1559,羅聖堡
1560,羅達中
1561,羅鈴沛
1562,翁  葳
1563,翁儷禎
1564,翁哲瑞
1565,翁家傑
1566,翁德怡
1567,翁怡錚
1568,翁溓松
1569,翁秉仁
1570,耿  晴
1571,胡哲明
1572,胡國瑞
1573,胡孟君
1574,胡崇德
1575,胡德邦
1576,胡振國
1577,胡文聰
1578,胡文郁
1579,胡明哲
1580,胡星陽
1581,胡植慶
1582,胡璧合
1583,胡翠君
1584,胡至柔
1585,胥嘉陵
1586,舒貽忠
1587,花亦芬
1588,花凱龍
1589,苑舉正
1590,范  雲
1591,范俊銘
1592,范吉歐
1593,范家銘
1594,范怡琴
1595,范淑文
1596,范秀羽
1597,范致豪
1598,莊世全
1599,莊世同
1600,莊佳穎
1601,莊吉發
1602,莊哲明
1603,莊嘉揚
1604,莊子壽
1605,莊志立
1606,莊惠鈞
1607,莊振義
1608,莊文議
1609,莊昀叡
1610,莊曜宇
1611,莊東漢
1612,莊正民
1613,莊永裕
1614,莊汶博
1615,莊裕澤
1616,莊雅惠
1617,華筱玲
1618,萬灼華
1619,葉  疏
1620,葉丙成
1621,葉伊純
1622,葉俊榮
1623,葉俊毅
1624,葉光勝
1625,葉光輝
1626,葉力森
1627,葉千菁
1628,葉叡宸
1629,葉國俊
1630,葉坤輝
1631,葉孟宛
1632,葉宏謨
1633,葉常泓
1634,葉彥伯
1635,葉德蘭
1636,葉德銘
1637,葉明叡
1638,葉春榮
1639,葉汀峰
1640,葉淑貞
1641,葉秀慧
1642,葉育彰
1643,葉芳萍
1644,葛克昌
1645,葛如鈞
1646,葛宇甯
1647,葛煥彰
1648,董成淵
1649,董桂書
1650,董澤平
1651,董致韡
1652,董鈺琪
1653,蔡一萍
1654,蔡世豪
1655,蔡亞倫
1656,蔡佩含
1657,蔡佳芬
1658,蔡偉博
1659,蔡克銓
1660,蔡劭瑜
1661,蔡劭璞
1662,蔡協澄
1663,蔡呈芳
1664,蔡哲嫻
1665,蔡善妮
1666,蔡嘉瑩
1667,蔡嘉穎
1668,蔡國榮
1669,蔡坤憲
1670,蔡坤諭
1671,蔡天怡
1672,蔡孟勳
1673,蔡孟廷
1674,蔡孟芳
1675,蔡季廷
1676,蔡宛珊
1677,蔡宜妮
1678,蔡宜芳
1679,蔡家丘
1680,蔡崇聖
1681,蔡幸真
1682,蔡彥卿
1683,蔡志偉
1684,蔡志宏
1685,蔡志彥
1686,蔡忠潤
1687,蔡怡陞
1688,蔡懷楨
1689,蔡承志
1690,蔡振家
1691,蔡振豐
1692,蔡政修
1693,蔡政安
1694,蔡政江
1695,蔡政達
1696,蔡文傑
1697,蔡明哲
1698,蔡明男
1699,蔡明誠
1700,蔡曜陽
1701,蔡欣君
1702,蔡欣甫
1703,蔡欣祐
1704,蔡欣穆
1705,蔡武廷
1706,蔡毓芬
1707,蔡永傑
1708,蔡沛學
1709,蔡瑞彬
1710,蔡璧名
1711,蔡甫昌
1712,蔡皇龍
1713,蔡益坤
1714,蔡睿哲
1715,蔡碧玉
1716,蔡祝青
1717,蔡秀華
1718,蔡素宜
1719,蔡育彰
1720,蔡自青
1721,蔡芷芬
1722,蔡英欣
1723,蔡蒔銓
1724,蔡蕙如
1725,蔡蘊明
1726,蔡詩偉
1727,蔡豐羽
1728,蔡貞慧
1729,蔡雅如
1730,蔡雅雯
1731,蔡麗婷
1732,蔣明晃
1733,蔣本基
1734,蔣正偉
1735,蔣秋華
1736,蔣雅郁
1737,蕭仁傑
1738,蕭信宏
1739,蕭勝文
1740,蕭友晉
1741,蕭大智
1742,蕭奕弘
1743,蕭妃秀
1744,蕭忠仁
1745,蕭惠心
1746,蕭斐元
1747,蕭旭君
1748,蕭旭峰
1749,蕭旭府
1750,蕭欽玉
1751,蕭浩明
1752,蕭湛東
1753,蕭琇霙
1754,蕭素英
1755,蕭超隆
1756,蕭輔仁
1757,蕭逸澤
1758,薛人愷
1759,薛克民
1760,薛喬仁
1761,薛承輝
1762,薛文証
1763,薛景中
1764,薛智仁
1765,薛智文
1766,薛漪平
1767,薛熙于
1768,薛馬坦
1769,藍佩嘉
1770,藍俊宏
1771,藍劭宇
1772,藍崇文
1773,藍文欽
1774,藍鼎文
1775,蘇偉儁
1776,蘇凱平
1777,蘇剛毅
1778,蘇南維
1779,蘇國棟
1780,蘇國賢
1781,蘇士詠
1782,蘇大成
1783,蘇宏達
1784,蘇彩足
1785,蘇德徵
1786,蘇志杰
1787,蘇忠楨
1788,蘇慧婕
1789,蘇慧敏
1790,蘇文瑞
1791,蘇柏青
1792,蘇淑娟
1793,蘇炫榮
1794,蘇瑤華
1795,蘇璧伶
1796,蘇碩斌
1797,蘇翊豪
1798,蘇至善
1799,蘇虹菱
1800,蘇軒立
1801,蘇顯揚
1802,衣若蘭
1803,袁  易
1804,袁千雯
1805,袁嘏鼎
1806,袁孝維
1807,袁耀欽
1808,裴思達
1809,覺文郁
1810,許  輔
1811,許  麗
1812,許以心
1813,許勝田
1814,許博欽
1815,許哲源
1816,許嘉文
1817,許士宦
1818,許天來
1819,許如君
1820,許孟傑
1821,許宗力
1822,許家維
1823,許富鈞
1824,許少瑜
1825,許建宗
1826,許弘明
1827,許志文
1828,許恆壽
1829,許恒達
1830,許惠晴
1831,許文僊
1832,許文賢
1833,許文馨
1834,許書睿
1835,許書豪
1836,許正一
1837,許正熙
1838,許永真
1839,許源浴
1840,許瑞祥
1841,許碩驛
1842,許秉寧
1843,許維君
1844,許耀文
1845,許聿廷
1846,許聿翔
1847,許育嘉
1848,許良彥
1849,許詩嫺
1850,許重博
1851,許鉅秉
1852,許長仁
1853,許雅惠
1854,許鶴瀚
1855,許麗卿
1856,詹  森
1857,詹世鵬
1858,詹怡宜
1859,詹文男
1860,詹東榮
1861,詹森林
1862,詹瀅潔
1863,詹珮君
1864,詹益慈
1865,詹益齊
1866,詹穎雯
1867,詹迺立
1868,詹魁元
1869,諶玉真
1870,諾斯邦
1871,謝之真
1872,謝伯讓
1873,謝佩芬
1874,謝佳倩
1875,謝依芸
1876,謝倩玲
1877,謝博全
1878,謝吉隆
1879,謝學真
1880,謝宏昀
1881,謝宏達
1882,謝宗霖
1883,謝宛蓉
1884,謝宜桓
1885,謝宜蓉
1886,謝尚賢
1887,謝德宗
1888,謝志昇
1889,謝志豪
1890,謝意苹
1891,謝慧玲
1892,謝文斌
1893,謝旭亮
1894,謝昇峯
1895,謝明慧
1896,謝明良
1897,謝欣芩
1898,謝正宜
1899,謝正義
1900,謝淑貞
1901,謝清麟
1902,謝源弘
1903,謝煜偉
1904,謝玉德
1905,謝璨羽
1906,謝秀卉
1907,謝笠天
1908,謝筱玫
1909,謝舒凱
1910,謝諭
1911,謝銘倫
1912,謝銘洋
1913,謝長澤
1914,謝雅萍
1915,謝馬利歐
1916,譚  諤
1917,譚醒朝
1918,谷邁世
1919,賀培銘
1920,賀端華
1921,賀詩琳
1922,賴  瑾
1923,賴亮全
1924,賴仕堯
1925,賴勇成
1926,賴君亮
1927,賴喜美
1928,賴坤財
1929,賴建宇
1930,賴建樺
1931,賴怡吉
1932,賴提雅
1933,賴文崧
1934,賴昶亘
1935,賴毓珊
1936,賴毓芝
1937,賴淑青
1938,賴祐吉
1939,賴紋萱
1940,賴育宏
1941,賴育英
1942,賴裕和
1943,賴進貴
1944,趙  玲
1945,趙丹綺
1946,趙修武
1947,趙儀珊
1948,趙坤茂
1949,趙基揚
1950,趙大維
1951,趙家緯
1952,趙怡姍
1953,趙挺偉
1954,趙捷謙
1955,趙曉芳
1956,趙本秀
1957,趙治宇
1958,趙福杉
1959,趙義隆
1960,趙聖德
1961,趙鍵哲
1962,趙雄健
1963,趙飛鵬
1964,辛炳隆
1965,逄愛君
1966,連勇智
1967,連國龍
1968,連家瑩
1969,連振廷
1970,連玉輝
1971,連豊力
1972,連賢明
1973,連雋偉
1974,連韻文
1975,道垣內弘人
1976,達力安
1977,邱乾?
1978,邱俊翔
1979,邱函妮
1980,邱力璟
1981,邱勝賢
1982,邱名鍾
1983,邱士華
1984,邱奕旭
1985,邱奕鵬
1986,邱宏仁
1987,邱岳騏
1988,邱崇賢
1989,邱建國
1990,邱振豪
1991,邱旻宣
1992,邱春火
1993,邱晏麟
1994,邱智賢
1995,邱浩傑
1996,邱玉蟬
1997,邱皓政
1998,邱祈榮
1999,邱誌勇
2000,邱錦榮
2001,邱雅萍
2002,邱靜雯
2003,邱顯比
2004,邱飄逸
2005,邱麗珠
2006,邵慶平
2007,邵森蘭
2008,邵耀華
2009,郭乃菱
2010,郭任峯
2011,郭佳瑋
2012,郭修伯
2013,郭光宇
2014,郭典翰
2015,郭千哲
2016,郭啟賢
2017,郭大孚
2018,郭大維
2019,郭奇芊
2020,郭孝豪
2021,郭安妮 
2022,郭家宏
2023,郭崇倫
2024,郭年真
2025,郭彥彬
2026,郭彥甫
2027,郭怡慧
2028,郭振華
2029,郭斯彥
2030,郭曉意
2031,郭柏呈
2032,郭柏秀
2033,郭柏齡
2034,郭漢豪
2035,郭珮君
2036,郭瑋庭
2037,郭瑞祥
2038,郭生興
2039,郭立威
2040,郭耀仁
2041,郭育良
2042,郭茂坤
2043,郭蕙如
2044,郭貞秀
2045,郭貞蘭
2046,郭重松
2047,郭重顯
2048,郭銘傑
2049,郭銘峰
2050,郭錦樺
2051,郭錦龍
2052,郭陳澔
2053,郭靜穎
2054,郭鴻基
2055,鄒奇軒
2056,鄒海雄
2057,鄧善娟
2058,鄧志強
2059,鄧志松
2060,鄧振威
2061,鄧敦民
2062,鄧育仁
2063,鄧茂華
2064,鄭  瑋
2065,鄭仁偉
2066,鄭仰恩
2067,鄭伯壎
2068,鄭佳宜
2069,鄭佳昆
2070,鄭修偉
2071,鄭光成
2072,鄭克聲
2073,鄭卜壬
2074,鄭原忠
2075,鄭司維
2076,鄭如忠
2077,鄭宇翔
2078,鄭守夏
2079,鄭宗記
2080,鄭富書
2081,鄭建興
2082,鄭意嫻
2083,鄭憶中
2084,鄭政利
2085,鄭文皇
2086,鄭智馨
2087,鄭暐凡
2088,鄭梅君
2089,鄭森松
2090,鄭楷立
2091,鄭永銘
2092,鄭燕玲
2093,鄭皓中
2094,鄭石通
2095,鄭祖耀
2096,鄭秀玲
2097,鄭秋萍
2098,鄭素芳
2099,鄭維中
2100,鄭義愷
2101,鄭聖賢
2102,鄭舒婷
2103,鄭芳婷
2104,鄭謙仁
2105,鄭貽生
2106,鄭雅文
2107,鄭麗珍
2108,鄭龍磻
2109,鄺慧琪
2110,金必耀
2111,金藝璘
2112,錢宗良
2113,錢桂玉
2114,錢玉芬
2115,鍾嘉綾
2116,鍾國彪
2117,鍾國芳
2118,鍾孝文
2119,鍾寶弘
2120,鍾幸玲
2121,鍾明倫
2122,鍾明宗
2123,鍾添東
2124,鍾玉玨
2125,鍾瑋芸
2126,鍾秉宸
2127,鍾立來
2128,鐘嘉德
2129,長谷川正人
2130,閔明源
2131,閻鴻中
2132,闕士傑
2133,闕居振
2134,闕志達
2135,闕志鴻
2136,闕河嘉
2137,闕蓓德
2138,阮文先
2139,阮清華
2140,阮蓮香
2141,阮雪芬
2142,阿曼德
2143,陳  儀
2144,陳  平
2145,陳  慧
2146,陳  暐
2147,陳丕燊
2148,陳世勳
2149,陳世杰
2150,陳世楠
2151,陳世民
2152,陳世淯
2153,陳世芳
2154,陳中平
2155,陳中明
2156,陳于高
2157,陳亮嘉
2158,陳人彥
2159,陳仁治
2160,陳仕芸
2161,陳伯嫚
2162,陳伶志
2163,陳佑宗
2164,陳佩貞
2165,陳佳堃
2166,陳佳慧
2167,陳俊任
2168,陳俊全
2169,陳俊安
2170,陳俊宏
2171,陳俊強
2172,陳俊忠
2173,陳俊杉
2174,陳俊瑋
2175,陳俊維
2176,陳俊豪
2177,陳俊顯
2178,陳保中
2179,陳信亨
2180,陳信希
2181,陳信樹
2182,陳信銘
2183,陳倩瑜
2184,陳健樺
2185,陳健輝
2186,陳億乘
2187,陳光禎
2188,陳光華
2189,陳光超
2190,陳其美
2191,陳冠元
2192,陳冠妃
2193,陳冠銘
2194,陳凱儀
2195,陳凱風
2196,陳力騏
2197,陳南光
2198,陳厚銘
2199,陳和麟
2200,陳品豪
2201,陳嘉晉
2202,陳嘉銘
2203,陳國勤
2204,陳國慶
2205,陳國棟
2206,陳坤志
2207,陳培哲
2208,陳士元
2209,陳奕君
2210,陳奕穎
2211,陳威瑨
2212,陳娟瑜
2213,陳媺玫
2214,陳嫦芬
2215,陳學禮
2216,陳宏彰
2217,陳宏銘
2218,陳定立
2219,陳宜廷
2220,陳家揚
2221,陳家麟
2222,陳容慈
2223,陳小梨
2224,陳尚澤
2225,陳崇賢
2226,陳巧捷
2227,陳巧玲
2228,陳希立
2229,陳建中
2230,陳建宇
2231,陳建彰
2232,陳建甫
2233,陳建男
2234,陳建錦
2235,陳弱水
2236,陳彥仰
2237,陳彥元
2238,陳彥向
2239,陳彥宇
2240,陳彥宏
2241,陳彥廷
2242,陳彥榮
2243,陳彥行
2244,陳彥豪
2245,陳彥賓
2246,陳復國
2247,陳志信
2248,陳志傑
2249,陳志宏
2250,陳志峰
2251,陳志強
2252,陳志柔
2253,陳志洪
2254,陳志軒
2255,陳志鴻
2256,陳忠五
2257,陳忠仁
2258,陳思帆
2259,陳思賢
2260,陳怡伃
2261,陳怡然
2262,陳恆榆
2263,陳惠文
2264,陳惠美
2265,陳惠齡
2266,陳慧宏
2267,陳慧文
2268,陳慧玲
2269,陳慶池
2270,陳慶財
2271,陳懷萱
2272,陳振中
2273,陳政彰
2274,陳政維
2275,陳敏慧
2276,陳敏璋
2277,陳文彬
2278,陳文章
2279,陳文華
2280,陳文進
2281,陳旭昇
2282,陳明汝
2283,陳明煦
2284,陳明賢
2285,陳昭如
2286,陳昭宏
2287,陳昭岑
2288,陳昭心
2289,陳昭瑛
2290,陳昭瑩
2291,陳時欣
2292,陳晉興
2293,陳景然
2294,陳晶
2295,陳書梅
2296,陳月霞
2297,陳有貝
2298,陳杏佳
2299,陳東升
2300,陳林祈
2301,陳柏仰
2302,陳柏華
2303,陳業寧
2304,陳榮凱
2305,陳榮彬
2306,陳樂知
2307,陳正剛
2308,陳正國
2309,陳正平
2310,陳毓文
2311,陳永耀
2312,陳永芳
2313,陳沛隆
2314,陳洵毅
2315,陳浩銘
2316,陳淑惠
2317,陳淑華
2318,陳湘鳳
2319,陳漪紋
2320,陳炳宇
2321,陳炳宏
2322,陳炳煇
2323,陳熙遠
2324,陳燕惠
2325,陳玉如
2326,陳玉怜
2327,陳玉華
2328,陳玟伶
2329,陳玟妤
2330,陳玠甫
2331,陳珍源
2332,陳珮珊
2333,陳琪芳
2334,陳瑀屏
2335,陳瑋佑
2336,陳瑋婕
2337,陳瑞琳
2338,陳瑞華
2339,陳瑪玲
2340,陳由常
2341,陳發林
2342,陳石池
2343,陳示國
2344,陳祈玲
2345,陳祝嵩
2346,陳禹仲
2347,陳秀熙
2348,陳秉民
2349,陳穎練
2350,陳立仁
2351,陳立宗
2352,陳立涵
2353,陳竑卉
2354,陳端容
2355,陳素麗
2356,陳維婷
2357,陳維玲
2358,陳維超
2359,陳維鈞
2360,陳縕儂
2361,陳美如
2362,陳美燕
2363,陳羿貞
2364,陳翊齊
2365,陳翠英
2366,陳翠蓮
2367,陳耀銘
2368,陳聰富
2369,陳聿宏
2370,陳肇鴻
2371,陳自強
2372,陳致曉
2373,陳良基
2374,陳良治
2375,陳芳妹
2376,陳虹如
2377,陳虹諺
2378,陳衍任
2379,陳裕庭
2380,陳誠亮
2381,陳譽仁
2382,陳豐惠
2383,陳賢明
2384,陳賢燁
2385,陳進庭
2386,陳逸昆
2387,陳逸軒
2388,陳達仁
2389,陳郁秀
2390,陳郁蕙
2391,陳重仁
2392,陳銘堯
2393,陳銘憲
2394,陳錦瑜
2395,陳雀倩
2396,陳雅美
2397,陳靜宜
2398,陳靜枝
2399,陳韋仁
2400,陳音卉
2401,陳韻之
2402,陳韻如
2403,陳顥齡
2404,陳香君
2405,陳香英
2406,陳鴻基
2407,陳麒文
2408,陳均
2409,陶亞倫
2410,陶儀芬
2411,陶漢威
2412,陶默德
2413,陸  洛
2414,陸怡蕙
2415,陸秀儀
2416,陸駿逸
2417,陽毅平
2418,隋中興
2419,雷庚玲
2420,雷德曼
2421,雷欽隆
2422,雷立芬
2423,靳宗洛
2424,韓仁毓
2425,韓廷允
2426,韓承樺
2427,韓玉山
2428,韓秉軒
2429,項  潔
2430,項人宗
2431,顏伯勳
2432,顏佑紘
2433,顏厥安
2434,顏嗣鈞
2435,顏妙璇
2436,顏家鈺
2437,顏建賢
2438,顏炳郎
2439,顏瑞泓
2440,顏秀慧
2441,顏鴻威
2442,顧  銓
2443,顧奎夫
2444,顧宜錚
2445,顧家綺
2446,顧素琿
2447,顧記華
2448,饒梓明
2449,馬克沁
2450,馬劍清
2451,馬左仲
2452,馬德睿
2453,馬耀民
2454,馬開東
2455,馬鴻文
2456,馮世邁
2457,馮勃翰
2458,馮嬿臻
2459,馮怡蓁
2460,駱  遠
2461,駱尚廉
2462,駱明慶
2463,駱美秀
2464,駱麗真
2465,高  德
2466,高  玄
2467,高一誠
2468,高全良
2469,高嘉謙
2470,高恩琵
2471,高振宏
2472,高文媛
2473,高榮禧
2474,高涌泉
2475,高瑟濡
2476,高知延
2477,高碧霞
2478,高維泓
2479,高英哲
2480,高震宇
2481,魏世芬
2482,魏千鈞
2483,魏啟林
2484,魏嘉徵
2485,魏安祺
2486,魏宏宇
2487,魏家豪
2488,魏岫明
2489,魏德榮
2490,魏志平
2491,魏志潾
2492,魏恒巍
2493,魏拯華
2494,魏榮宗
2495,魏聖倫
2496,鮑曉鷗
2497,鹿兒陽
2498,麥德倫
2499,黃  鴻
2500,黃世建
2501,黃乾綱
2502,黃人則
2503,黃佩玲
2504,黃佳鈴
2505,黃俊升
2506,黃俊堯
2507,黃俊郎
2508,黃信富
2509,黃信樺
2510,黃信洋
2511,黃倬英
2512,黃偉邦
2513,黃健勇
2514,黃允蔚
2515,黃元鶴
2516,黃兆徽
2517,黃光裕
2518,黃克先
2519,黃冠穎
2520,黃凱苹
2521,黃千瑀
2522,黃千芬
2523,黃升龍
2524,黃名鉞
2525,黃君偉
2526,黃品蓉
2527,黃啟書
2528,黃國倉
2529,黃國恩
2530,黃國華
2531,黃天偉
2532,黃奎隆
2533,黃奕珍
2534,黃威翔
2535,黃子岳
2536,黃宇廷
2537,黃宏斌
2538,黃宗慧
2539,黃宗正
2540,黃定洧
2541,黃宣銘
2542,黃寶儀
2543,黃小玲
2544,黃尹男
2545,黃山耘
2546,黃建實
2547,黃建璋
2548,黃建華
2549,黃彥婷
2550,黃彥銘
2551,黃從仁
2552,黃心豪
2553,黃志典
2554,黃念祖
2555,黃怡靜
2556,黃恆獎
2557,黃恆綜
2558,黃惠聲
2559,黃意婷
2560,黃慕萱
2561,黃慶怡
2562,黃慶璨
2563,黃憲松
2564,黃承祖
2565,黃振康
2566,黃文儀
2567,黃文弘
2568,黃文良
2569,黃文達
2570,黃斯衍
2571,黃旻華
2572,黃明蕙
2573,黃昭元
2574,黃昱倫
2575,黃景沂
2576,黃書緯
2577,黃柏堯
2578,黃楓婷
2579,黃欽勇
2580,黃欽永
2581,黃正杰
2582,黃正雅
2583,黃永芬
2584,黃浩霆
2585,黃淑怡
2586,黃漢邦
2587,黃瀅瑛
2588,黃玫瑄
2589,黃琴雅
2590,黃瑞祺
2591,黃盛修
2592,黃祥博
2593,黃祥宇
2594,黃種甲
2595,黃筱鈞
2596,黃維信
2597,黃織芬
2598,黃美娥
2599,黃美嬌
2600,黃美慈
2601,黃群仰
2602,黃義侑
2603,黃翊之
2604,黃耀輝
2605,黃育熙
2606,黃致展
2607,黃舒楣
2608,黃良得
2609,黃芳蘭
2610,黃詩淳
2611,黃誌川
2612,黃貞穎
2613,黃進龍
2614,黃道宏
2615,黃郁茜
2616,黃鈺涵
2617,黃銘傑
2618,黃銘崇
2619,黃錦堂
2620,黃鐘揚
2621,黃長玲
2622,黃震興
2623,黃韻如
2624,黃馨瑩
2625,黃麗君
2626,黃麗玲
2627,黃麗珉
2628,黎士瑋
2629,齊定爾
2630,齊東耿
2631,龔源成
2632,龜田俊和
2633,葉麗儀
